Theme,Question_Number,Original_Question,Followup_1_Anchor,Followup_2_Action+Accountability
WALK OF HAPPINESS,1,"When do I feel most genuinely happy—not distracted or entertained, but deeply content?",What are 3 things you feel genuinely happy about right now (big or small)?,What is one small action you will take in the next 24 hours based on your answers above—and when/where will you do it?
WALK OF HAPPINESS,2,"How do I usually define happiness, and where did this definition come from?","What part of your life are you enjoying the most right now, and why?",What’s one simple step you can take today from what you wrote—and what time will you start?
WALK OF HAPPINESS,3,What activities give me energy rather than drain it?,"What’s one moment from today that brought you real joy, and what does it reveal about you?","Choose one action you will commit to from your reflections. When will you do it, and what is the very first step?"
WALK OF HAPPINESS,4,"Do I delay happiness for a future condition? If so, what is it?",What are 3 things you feel genuinely happy about right now (big or small)?,"What action will you take next—and what’s your plan (when, where, first step) to make it happen?"
WALK OF HAPPINESS,5,How much of my happiness depends on external validation or outcomes?,"What part of your life are you enjoying the most right now, and why?",What is one small action you will take in the next 24 hours based on your answers above—and when/where will you do it?
WALK OF HAPPINESS,6,What beliefs about happiness might be limiting me?,"What’s one moment from today that brought you real joy, and what does it reveal about you?",What’s one simple step you can take today from what you wrote—and what time will you start?
WALK OF HAPPINESS,7,When was the last time I felt joy without a reason?,What are 3 things you feel genuinely happy about right now (big or small)?,"Choose one action you will commit to from your reflections. When will you do it, and what is the very first step?"
WALK OF HAPPINESS,8,How do I respond internally when happiness fades?,"What part of your life are you enjoying the most right now, and why?","What action will you take next—and what’s your plan (when, where, first step) to make it happen?"
WALK OF HAPPINESS,9,What simple daily habits increase my sense of well-being?,"What’s one moment from today that brought you real joy, and what does it reveal about you?",What is one small action you will take in the next 24 hours based on your answers above—and when/where will you do it?
WALK OF HAPPINESS,10,"If happiness were a practice rather than a destination, how would I live today?",What are 3 things you feel genuinely happy about right now (big or small)?,What’s one simple step you can take today from what you wrote—and what time will you start?
WALK OF GRATITUDE,1,What am I taking for granted in my life right now?,"What are 3 things you feel grateful for right now, and why do they matter to you?",What is one small action you will take in the next 24 hours based on your answers above—and when/where will you do it?
WALK OF GRATITUDE,2,Who has contributed to my life in unseen or unacknowledged ways?,"Who or what are you most thankful for lately, and what have they given you?",What’s one simple step you can take today from what you wrote—and what time will you start?
WALK OF GRATITUDE,3,How does my body respond when I consciously feel grateful?,What’s one thing you usually overlook that you can feel grateful for today?,"Choose one action you will commit to from your reflections. When will you do it, and what is the very first step?"
WALK OF GRATITUDE,4,What challenges in my life have shaped me positively?,"What are 3 things you feel grateful for right now, and why do they matter to you?","What action will you take next—and what’s your plan (when, where, first step) to make it happen?"
WALK OF GRATITUDE,5,Do I notice abundance more easily than lack—or vice versa?,"Who or what are you most thankful for lately, and what have they given you?",What is one small action you will take in the next 24 hours based on your answers above—and when/where will you do it?
WALK OF GRATITUDE,6,How does gratitude change my perception of difficult situations?,What’s one thing you usually overlook that you can feel grateful for today?,What’s one simple step you can take today from what you wrote—and what time will you start?
WALK OF GRATITUDE,7,What aspects of myself am I grateful for?,"What are 3 things you feel grateful for right now, and why do they matter to you?","Choose one action you will commit to from your reflections. When will you do it, and what is the very first step?"
WALK OF GRATITUDE,8,How often do I express gratitude openly to others?,"Who or what are you most thankful for lately, and what have they given you?","What action will you take next—and what’s your plan (when, where, first step) to make it happen?"
WALK OF GRATITUDE,9,What would change if I began each day with gratitude?,What’s one thing you usually overlook that you can feel grateful for today?,What is one small action you will take in the next 24 hours based on your answers above—and when/where will you do it?
WALK OF GRATITUDE,10,How can gratitude become a lens through which I see the world?,"What are 3 things you feel grateful for right now, and why do they matter to you?",What’s one simple step you can take today from what you wrote—and what time will you start?
WALK OF LOVE,1,How do I define love at this stage of my life?,"Who or what do you feel love for right now, and what do you appreciate about them or it?",What is one small action you will take in the next 24 hours based on your answers above—and when/where will you do it?
WALK OF LOVE,2,"In what ways do I give love freely, and in what ways do I withhold it?","Where in your life do you feel most connected, cared for, or seen right now?",What’s one simple step you can take today from what you wrote—and what time will you start?
WALK OF LOVE,3,Do I love conditionally or unconditionally—especially myself?,"What’s one way you experienced love recently (given or received), and what did it teach you?","Choose one action you will commit to from your reflections. When will you do it, and what is the very first step?"
WALK OF LOVE,4,What fears arise when I allow myself to love deeply?,"Who or what do you feel love for right now, and what do you appreciate about them or it?","What action will you take next—and what’s your plan (when, where, first step) to make it happen?"
WALK OF LOVE,5,How have past experiences shaped how I express love?,"Where in your life do you feel most connected, cared for, or seen right now?",What is one small action you will take in the next 24 hours based on your answers above—and when/where will you do it?
WALK OF LOVE,6,How do I respond when love is not returned as expected?,"What’s one way you experienced love recently (given or received), and what did it teach you?",What’s one simple step you can take today from what you wrote—and what time will you start?
WALK OF LOVE,7,"What does self-love look like in action, not just intention?","Who or what do you feel love for right now, and what do you appreciate about them or it?","Choose one action you will commit to from your reflections. When will you do it, and what is the very first step?"
WALK OF LOVE,8,Where in my life do I need to set healthier boundaries around love?,"Where in your life do you feel most connected, cared for, or seen right now?","What action will you take next—and what’s your plan (when, where, first step) to make it happen?"
WALK OF LOVE,9,How can I show love more authentically in my daily interactions?,"What’s one way you experienced love recently (given or received), and what did it teach you?",What is one small action you will take in the next 24 hours based on your answers above—and when/where will you do it?
WALK OF LOVE,10,"If love were my guiding principle, what would change in my decisions?","Who or what do you feel love for right now, and what do you appreciate about them or it?",What’s one simple step you can take today from what you wrote—and what time will you start?
WALK OF PEACE,1,When do I feel most at peace within myself?,"What helps you feel peaceful right now, even a little?",What is one small action you will take in the next 24 hours based on your answers above—and when/where will you do it?
WALK OF PEACE,2,What inner conflicts disturb my peace most often?,"What do you need less of, and what do you need more of, to feel calm and steady?",What’s one simple step you can take today from what you wrote—and what time will you start?
WALK OF PEACE,3,How do my thoughts contribute to restlessness or calm?,What’s one thing you can release today to make more room for peace?,"Choose one action you will commit to from your reflections. When will you do it, and what is the very first step?"
WALK OF PEACE,4,"What situations challenge my peace, and why?","What helps you feel peaceful right now, even a little?","What action will you take next—and what’s your plan (when, where, first step) to make it happen?"
WALK OF PEACE,5,How do I usually react to uncertainty or loss of control?,"What do you need less of, and what do you need more of, to feel calm and steady?",What is one small action you will take in the next 24 hours based on your answers above—and when/where will you do it?
WALK OF PEACE,6,What practices help me return to inner stillness?,What’s one thing you can release today to make more room for peace?,What’s one simple step you can take today from what you wrote—and what time will you start?
WALK OF PEACE,7,Do I confuse peace with avoidance or suppression?,"What helps you feel peaceful right now, even a little?","Choose one action you will commit to from your reflections. When will you do it, and what is the very first step?"
WALK OF PEACE,8,How does my relationship with time affect my sense of peace?,"What do you need less of, and what do you need more of, to feel calm and steady?","What action will you take next—and what’s your plan (when, where, first step) to make it happen?"
WALK OF PEACE,9,What would it mean to be at peace even in chaos?,What’s one thing you can release today to make more room for peace?,What is one small action you will take in the next 24 hours based on your answers above—and when/where will you do it?
WALK OF PEACE,10,"If peace were my priority, what would I let go of?","What helps you feel peaceful right now, even a little?",What’s one simple step you can take today from what you wrote—and what time will you start?
WALK OF PURPOSE,1,What activities make me lose track of time?,"What gives you a sense of purpose right now, and what part of it feels most meaningful?",What is one small action you will take in the next 24 hours based on your answers above—and when/where will you do it?
WALK OF PURPOSE,2,When do I feel most useful or aligned with my values?,"Where do you feel most aligned with your values lately, and why?",What’s one simple step you can take today from what you wrote—and what time will you start?
WALK OF PURPOSE,3,How do I currently define purpose—and is it evolving?,"If you had to name one reason you’re here (today), what would it be?","Choose one action you will commit to from your reflections. When will you do it, and what is the very first step?"
WALK OF PURPOSE,4,What problems in the world do I feel drawn to address?,"What gives you a sense of purpose right now, and what part of it feels most meaningful?","What action will you take next—and what’s your plan (when, where, first step) to make it happen?"
WALK OF PURPOSE,5,What fears hold me back from fully living my purpose?,"Where do you feel most aligned with your values lately, and why?",What is one small action you will take in the next 24 hours based on your answers above—and when/where will you do it?
WALK OF PURPOSE,6,How does my work reflect (or not reflect) who I truly am?,"If you had to name one reason you’re here (today), what would it be?",What’s one simple step you can take today from what you wrote—and what time will you start?
WALK OF PURPOSE,7,What lessons has life repeatedly tried to teach me?,"What gives you a sense of purpose right now, and what part of it feels most meaningful?","Choose one action you will commit to from your reflections. When will you do it, and what is the very first step?"
WALK OF PURPOSE,8,How would I live if I trusted that my life has meaning?,"Where do you feel most aligned with your values lately, and why?","What action will you take next—and what’s your plan (when, where, first step) to make it happen?"
WALK OF PURPOSE,9,"What legacy do I want to leave behind, big or small?","If you had to name one reason you’re here (today), what would it be?",What is one small action you will take in the next 24 hours based on your answers above—and when/where will you do it?
WALK OF PURPOSE,10,"If my purpose were to serve rather than succeed, how would my path change?","What gives you a sense of purpose right now, and what part of it feels most meaningful?",What’s one simple step you can take today from what you wrote—and what time will you start?
